ticker,sector
AAC,Unknown
AAM,Unknown
AAOI,Information_Technology
AAPC,Unknown
AAT,Real_Estate
AAVL,Unknown
ABC,Unknown
ABCL,Health_Care
ABCW,Financials
ABDC,Unknown
ABGI,Unknown
ABLX,Unknown
ABNB,Consumer_Discretionary
ABOS,Health_Care
ABSI,Health_Care
ABST,Information_Technology
ABTX,Unknown
ABVC,Health_Care
ABVX,Health_Care
ABY,Unknown
ACCD,Health_Care
ACFC,Financials
ACHL,Health_Care
ACI,Consumer_Staples
ACIA,Information_Technology
ACIU,Health_Care
ACLX,Health_Care
ACMR,Information_Technology
ACOG,Health_Care
ACON,Health_Care
ACP,Unknown
ACRE,Financials
ACRS,Health_Care
ACRV,Health_Care
ACRX,Unknown
ACSF,Financials
ACT,Financials
ACTL,Communication_Services
ACTU,Health_Care
ACTV,Unknown
ACV,Unknown
ACVA,Industrials
ACXP,Health_Care
ADAG,Health_Care
ADAP,Unknown
ADCT,Health_Care
ADGI,Unknown
ADHD,Health_Care
ADIL,Health_Care
ADMP,Unknown
ADMS,Health_Care
ADNC,Information_Technology
ADPT,Health_Care
ADRO,Health_Care
ADSW,Industrials
ADT,Consumer_Discretionary
ADTX,Health_Care
ADXN,Health_Care
ADXS,Health_Care
AEGR,Health_Care
AENT,Consumer_Discretionary
AESI,Energy
AFCB,Financials
AFCG,Financials
AFCO,Real_Estate
AFH,Unknown
AFIB,Health_Care
AFJK,Unknown
AFMD,Unknown
AFRM,Financials
AFT,Unknown
AFYA,Consumer_Discretionary
AGBA,Unknown
AGCB,Unknown
AGFY,Unknown
AGIO,Health_Care
AGL,Health_Care
AGLE,Unknown
AGMH,Financials
AGNC,Financials
AGRI,Unknown
AGRO,Consumer_Staples
AGRX,Health_Care
AGS,Consumer_Discretionary
AGTC,Health_Care
AGTI,Health_Care
AH,Unknown
AHH,Unknown
AHI,Health_Care
AHR,Real_Estate
AI,Information_Technology
AIBU,Unknown
AIF,Unknown
AIH,Unknown
AIHS,Financials
AIMD,Information_Technology
AIMT,Health_Care
AIO,Unknown
AIP,Information_Technology
AIRG,Information_Technology
AIRS,Health_Care
AJX,Unknown
AKA,Consumer_Discretionary
AKAN,Health_Care
AKAO,Unknown
AKBA,Health_Care
AKCA,Health_Care
AKR,Real_Estate
AKRO,Health_Care
AKUS,Health_Care
AKYA,Health_Care
AL,Industrials
ALAB,Information_Technology
ALDR,Health_Care
ALDW,Energy
ALDX,Health_Care
ALEC,Health_Care
ALF,Unknown
ALGM,Information_Technology
ALGS,Health_Care
ALHC,Health_Care
ALIM,Health_Care
ALKT,Information_Technology
ALLK,Health_Care
ALLO,Health_Care
ALLY,Financials
ALMS,Health_Care
ALNA,Unknown
ALRM,Information_Technology
ALRN,Unknown
ALRS,Financials
ALSN,Industrials
ALTR,Information_Technology
ALVR,Unknown
ALXO,Health_Care
ALZN,Health_Care
AM,Energy
AMAL,Financials
AMAM,Health_Care
AMAP,Information_Technology
AMBA,Information_Technology
AMBO,Consumer_Discretionary
AMBR,Communication_Services
AMC,Communication_Services
AMCF,Energy
AMCI,Unknown
AMDA,Unknown
AMGP,Unknown
AMH,Real_Estate
AMID,Unknown
AMIX,Health_Care
AMK,Financials
AMLX,Health_Care
AMMA,Communication_Services
AMPG,Information_Technology
AMPH,Health_Care
AMRC,Industrials
AMRE,Financials
AMRH,Information_Technology
AMRS,Unknown
AMST,Consumer_Discretionary
AMTB,Financials
AMTG,Financials
AMTI,Health_Care
AMWL,Health_Care
ANAB,Health_Care
ANAC,Unknown
ANCB,Financials
ANCN,Health_Care
ANDA,Unknown
ANEB,Health_Care
ANET,Information_Technology
ANFI,Unknown
ANGI,Communication_Services
ANGN,Unknown
ANL,Health_Care
ANNX,Health_Care
ANPC,Unknown
ANRO,Health_Care
ANTH,Health_Care
ANTX,Health_Care
ANVS,Health_Care
AOGO,Unknown
AOMR,Financials
AOSL,Information_Technology
APAM,Financials
APFH,Consumer_Staples
APG,Industrials
APGE,Health_Care
API,Information_Technology
APIC,Information_Technology
APLD,Information_Technology
APLS,Health_Care
APLT,Health_Care
APM,Health_Care
APO,Financials
APP,Information_Technology
APPF,Information_Technology
APPN,Information_Technology
APR,Health_Care
APRE,Health_Care
APRN,Consumer_Staples
APTI,Information_Technology
APTS,Real_Estate
APTX,Health_Care
AQ,Information_Technology
AQMS,Industrials
AQST,Health_Care
AQUA,Industrials
AQXP,Unknown
AR,Energy
ARA,Health_Care
ARB,Unknown
ARBB,Information_Technology
ARCE,Consumer_Discretionary
ARCO,Consumer_Discretionary
ARCP,Unknown
ARCX,Unknown
ARD,Materials
ARDC,Unknown
ARDS,Health_Care
ARDT,Health_Care
ARDX,Health_Care
ARES,Financials
ARGS,Unknown
ARHS,Consumer_Discretionary
ARIS,Materials
ARLO,Information_Technology
ARM,Information_Technology
ARMF,Unknown
ARMK,Consumer_Discretionary
ARMO,Health_Care
ARPI,Financials
ARQT,Health_Care
ARRY,Industrials
ARTV,Health_Care
ARVN,Health_Care
ARYA,Unknown
ARYD,Unknown
ARYE,Unknown
AS,Consumer_Discretionary
ASBB,Financials
ASC,Energy
ASND,Health_Care
ASNS,Information_Technology
ASO,Consumer_Discretionary
ASPI,Materials
ASPN,Materials
ASPX,Health_Care
ASST,Health_Care
ASV,Industrials
AT,Utilities
ATAC,Unknown
ATAI,Health_Care
ATAT,Consumer_Discretionary
ATC,Materials
ATEN,Information_Technology
ATGL,Information_Technology
ATHA,Unknown
ATHL,Energy
ATHM,Communication_Services
ATIF,Unknown
ATKR,Industrials
ATMR,Unknown
ATMU,Industrials
ATNX,Unknown
ATOS,Health_Care
ATPC,Health_Care
ATRA,Health_Care
ATS,Industrials
ATTO,Unknown
ATXI,Health_Care
AUGX,Health_Care
AUNA,Health_Care
AURA,Health_Care
AUST,Materials
AUTL,Health_Care
AUVI,Industrials
AVAH,Health_Care
AVBP,Health_Care
AVDR,Unknown
AVDX,Financials
AVEO,Health_Care
AVG,Unknown
AVGR,Health_Care
AVIR,Health_Care
AVIV,Unknown
AVLR,Information_Technology
AVNU,Financials
AVO,Consumer_Staples
AVOL,Industrials
AVR,Health_Care
AVRO,Unknown
AVTE,Unknown
AVTR,Health_Care
AVXS,Health_Care
AWAY,Unknown
AXGN,Health_Care
AXLA,Health_Care
AXNX,Health_Care
AXON,Industrials
AXPW,Unknown
AXSM,Health_Care
AXTA,Materials
AYLA,Unknown
AZEK,Industrials
AZI,Consumer_Discretionary
AZRE,Unknown
AZRX,Unknown
AZTR,Health_Care
AZYO,Unknown
BABA,Consumer_Discretionary
BAH,Industrials
BALT,Unknown
BAND,Communication_Services
BANL,Energy
BANX,Financials
BAOS,Communication_Services
BASE,Information_Technology
BATS,Financials
BBC,Unknown
BBIO,Health_Care
BBN,Unknown
BBRG,Consumer_Discretionary
BCAB,Health_Care
BCAT,Unknown
BCAX,Health_Care
BCDS,Information_Technology
BCEL,Health_Care
BCLI,Health_Care
BCML,Financials
BCOV,Information_Technology
BCSF,Financials
BCTG,Unknown
BCX,Unknown
BCYC,Health_Care
BDSX,Health_Care
BDTX,Health_Care
BE,Industrials
BEAM,Health_Care
BEAT,Health_Care
BEDU,Consumer_Discretionary
BEKE,Real_Estate
BFAM,Consumer_Discretionary
BFRG,Health_Care
BFRI,Health_Care
BFS,Real_Estate
BGB,Unknown
BGH,Unknown
BGLC,Industrials
BGMD,Health_Care
BGNE,Unknown
BGSC,Unknown
BGSF,Industrials
BGX,Unknown
BHAT,Unknown
BHBK,Financials
BHG,Unknown
BHVN,Health_Care
BIAF,Health_Care
BIGC,Unknown
BIGZ,Unknown
BILI,Communication_Services
BILL,Information_Technology
BIND,Unknown
BIOA,Health_Care
BIOC,Unknown
BIRD,Consumer_Discretionary
BIRK,Consumer_Discretionary
BIT,Unknown
BITA,Communication_Services
BJ,Consumer_Staples
BJDX,Health_Care
BKFS,Unknown
BKU,Financials
BKV,Energy
BL,Information_Technology
BLBX,Unknown
BLCM,Health_Care
BLCT,Communication_Services
BLFS,Health_Care
BLI,Unknown
BLMN,Consumer_Discretionary
BLMT,Financials
BLMZ,Unknown
BLND,Information_Technology
BLOX,Unknown
BLPH,Health_Care
BLSA,Unknown
BLT,Industrials
BLU,Health_Care
BLUE,Health_Care
BLZE,Information_Technology
BMBL,Communication_Services
BMEA,Health_Care
BMEZ,Unknown
BMN,Unknown
BMR,Information_Technology
BNDX,Unknown
BNFT,Information_Technology
BNGO,Health_Care
BNK,Financials
BNL,Real_Estate
BNNY,Consumer_Staples
BNO,Unknown
BNR,Health_Care
BNTX,Health_Care
BODY,Unknown
BOF,Consumer_Staples
BOI,Unknown
BOJA,Consumer_Discretionary
BOLD,Health_Care
BOLT,Health_Care
BON,Materials
BONA,Communication_Services
BOOT,Consumer_Discretionary
BORN,Unknown
BORR,Energy
BOW,Financials
BOX,Information_Technology
BOXL,Information_Technology
BPMC,Health_Care
BPMP,Energy
BPMX,Health_Care
BPRN,Financials
BQ,Consumer_Discretionary
BRBR,Consumer_Staples
BRDG,Financials
BRDR,Information_Technology
BREA,Unknown
BREZ,Unknown
BRG,Real_Estate
BRIA,Consumer_Discretionary
BRLT,Consumer_Discretionary
BROS,Consumer_Discretionary
BRP,Unknown
BRPM,Unknown
BRSH,Unknown
BRSS,Materials
BRX,Real_Estate
BRY,Energy
BRZE,Information_Technology
BSFT,Unknown
BSGA,Unknown
BSL,Unknown
BSM,Energy
BST,Unknown
BSTI,Unknown
BSTZ,Unknown
BSVN,Financials
BSY,Information_Technology
BTAI,Health_Care
BTNB,Unknown
BTOC,Industrials
BTSG,Health_Care
BTT,Unknown
BUFF,Unknown
BUI,Unknown
BUJA,Unknown
BURG,Consumer_Discretionary
BURL,Consumer_Discretionary
BV,Industrials
BVFL,Financials
BVS,Health_Care
BWB,Financials
BWFG,Financials
BWG,Unknown
BWMN,Industrials
BWV,Unknown
BXG,Consumer_Discretionary
BXSL,Financials
BY,Financials
BYND,Consumer_Staples
BYSI,Health_Care
BZ,Industrials
BZUN,Consumer_Discretionary
CAAP,Industrials
CABA,Health_Care
CADE,Financials
CADL,Health_Care
CAFD,Utilities
CALA,Health_Care
CALT,Health_Care
CALX,Information_Technology
CAMP,Health_Care
CAN,Information_Technology
CANG,Consumer_Discretionary
CARA,Unknown
CARB,Unknown
CARG,Communication_Services
CART,Consumer_Staples
CASA,Unknown
CASK,Unknown
CATB,Unknown
CATS,Unknown
CAVA,Consumer_Discretionary
CBA,Unknown
CBD,Unknown
CBF,Financials
CBH,Unknown
CBLK,Information_Technology
CBLL,Health_Care
CBMB,Financials
CBNA,Financials
CBNK,Financials
CBOE,Financials
CBPX,Industrials
CBSO,Unknown
CBTX,Financials
CBYL,Health_Care
CCB,Financials
CCCC,Health_Care
CCCR,Unknown
CCD,Unknown
CCG,Financials
CCH,Unknown
CCIH,Unknown
CCRC,Industrials
CCS,Consumer_Discretionary
CCSB,Unknown
CCSC,Consumer_Discretionary
CCTG,Information_Technology
CD,Information_Technology
CDAK,Unknown
CDAY,Unknown
CDLX,Communication_Services
CDM,Unknown
CDNA,Health_Care
CDRB,Unknown
CDRE,Industrials
CDTG,Industrials
CDTX,Health_Care
CDW,Information_Technology
CDXS,Health_Care
CELC,Health_Care
CELM,Industrials
CELP,Unknown
CELZ,Health_Care
CEM,Unknown
CEMP,Health_Care
CEN,Unknown
CEP,Unknown
CERC,Unknown
CERE,Health_Care
CERT,Health_Care
CERU,Health_Care
CETY,Energy
CFB,Financials
CFBI,Unknown
CFCO,Unknown
CFD,Unknown
CFG,Financials
CFLT,Information_Technology
CFMS,Health_Care
CG,Financials
CGBD,Financials
CGEM,Health_Care
CGIX,Health_Care
CGON,Health_Care
CGTL,Information_Technology
CGTX,Health_Care
CHAR,Unknown
CHC,Utilities
CHCT,Real_Estate
CHEB,Unknown
CHEF,Consumer_Staples
CHFN,Financials
CHG,Unknown
CHGG,Consumer_Discretionary
CHKM,Unknown
CHKR,Unknown
CHMA,Health_Care
CHMI,Financials
CHNG,Health_Care
CHRA,Industrials
CHRM,Consumer_Discretionary
CHRO,Unknown
CHRS,Health_Care
CHSN,Consumer_Staples
CHSP,Real_Estate
CHUY,Consumer_Discretionary
CHWY,Consumer_Discretionary
CIAN,Unknown
CIFS,Unknown
CIL,Unknown
CINC,Health_Care
CING,Health_Care
CINT,Information_Technology
CIO,Real_Estate
CIS,Information_Technology
CIVI,Energy
CJ,Energy
CLBR,Unknown
CLCD,Health_Care
CLDN,Health_Care
CLDR,Information_Technology
CLDT,Real_Estate
CLEU,Unknown
CLIK,Industrials
CLIR,Industrials
CLPS,Information_Technology
CLRB,Health_Care
CLSD,Unknown
CLU,Consumer_Staples
CLVS,Unknown
CLXT,Unknown
CMBM,Unknown
CMCM,Information_Technology
CMFN,Unknown
CMND,Health_Care
CMPI,Health_Care
CMPS,Health_Care
CMRE,Industrials
CMRX,Health_Care
CMTA,Health_Care
CMTG,Financials
CNAT,Health_Care
CNCE,Health_Care
CNEY,Materials
CNF,Financials
CNFR,Unknown
CNLM,Unknown
CNM,Industrials
CNNX,Unknown
CNOB,Financials
CNS,Financials
CNSP,Health_Care
CNST,Health_Care
CNTA,Health_Care
CNTB,Health_Care
CNTG,Unknown
CNTX,Health_Care
CNV,Unknown
CNVO,Information_Technology
CNVY,Health_Care
CNXC,Industrials
CNXR,Health_Care
COBK,Financials
COCO,Consumer_Staples
CODX,Health_Care
COE,Consumer_Discretionary
COLD,Real_Estate
COLL,Health_Care
COMM,Unknown
COMP,Real_Estate
CON,Health_Care
CONE,Real_Estate
COOK,Consumer_Discretionary
COR,Health_Care
CORI,Health_Care
COTV,Health_Care
COTY,Consumer_Staples
COUP,Information_Technology
COUR,Consumer_Discretionary
COVA,Unknown
COVS,Information_Technology
COYA,Health_Care
COYN,Unknown
CPAA,Unknown
CPBI,Financials
CPGI,Materials
CPNG,Consumer_Discretionary
CPOP,Communication_Services
CPPL,Energy
CPTA,Unknown
CPZ,Unknown
CQH,Energy
CRBG,Financials
CRBU,Health_Care
CRCM,Communication_Services
CRCT,Consumer_Discretionary
CRDO,Information_Technology
CRGX,Health_Care
CRNX,Health_Care
CRSP,Health_Care
CRSR,Information_Technology
CRTO,Communication_Services
CRTX,Unknown
CRU,Unknown
CRVS,Health_Care
CRWD,Information_Technology
CSBK,Financials
CSLT,Health_Care
CSOD,Information_Technology
CSPR,Consumer_Discretionary
CSSE,Unknown
CSTE,Industrials
CSTL,Health_Care
CSTR,Financials
CTAC,Unknown
CTC,Unknown
CTE,Unknown
CTF,Unknown
CTK,Unknown
CTKB,Health_Care
CTLT,Health_Care
CTM,Information_Technology
CTMX,Health_Care
CTNM,Health_Care
CTNT,Consumer_Discretionary
CTP,Unknown
CTR,Unknown
CTRI,Industrials
CTRL,Information_Technology
CTSO,Health_Care
CTT,Real_Estate
CUDA,Information_Technology
CUE,Health_Care
CURO,Unknown
CURV,Consumer_Discretionary
CVAC,Health_Care
CVKD,Health_Care
CVNA,Consumer_Discretionary
CVRR,Energy
CVRS,Health_Care
CVRX,Health_Care
CVT,Information_Technology
CWAN,Information_Technology
CWAY,Financials
CWD,Financials
CWH,Consumer_Discretionary
CWK,Real_Estate
CXM,Information_Technology
CYAD,Unknown
CYBR,Information_Technology
CYN,Information_Technology
CYNI,Information_Technology
CYRX,Health_Care
CYT,Unknown
CZR,Consumer_Discretionary
DADA,Consumer_Staples
DALS,Unknown
DANG,Consumer_Discretionary
DAO,Consumer_Discretionary
DASH,Consumer_Discretionary
DATA,Information_Technology
DATE,Information_Technology
DATS,Unknown
DAWN,Health_Care
DBGI,Consumer_Discretionary
DBL,Unknown
DBTX,Health_Care
DBV,Unknown
DBX,Information_Technology
DCBO,Information_Technology
DCF,Unknown
DCIN,Consumer_Discretionary
DCPH,Health_Care
DCT,Information_Technology
DCTH,Health_Care
DDC,Consumer_Staples
DDI,Communication_Services
DDL,Consumer_Staples
DDMG,Unknown
DDOG,Information_Technology
DEA,Real_Estate
DERM,Health_Care
DESP,Consumer_Discretionary
DFH,Consumer_Discretionary
DFP,Unknown
DFRG,Consumer_Discretionary
DGNS,Unknown
DGNU,Unknown
DH,Health_Care
DHRM,Unknown
DIBS,Consumer_Discretionary
DICE,Health_Care
DIDI,Unknown
DKL,Energy
DLNG,Energy
DLO,Financials
DLPH,Consumer_Discretionary
DLTH,Consumer_Discretionary
DLY,Unknown
DM,Industrials
DMA,Unknown
DMB,Unknown
DMD,Unknown
DMO,Unknown
DNAA,Unknown
DNAB,Unknown
DNAC,Unknown
DNAD,Unknown
DNAI,Unknown
DNAY,Unknown
DNB,Industrials
DNJR,Unknown
DNK,Real_Estate
DNKN,Consumer_Discretionary
DNLI,Health_Care
DNUT,Consumer_Discretionary
DOC,Real_Estate
DOCN,Information_Technology
DOCS,Health_Care
DOCU,Information_Technology
DOGZ,Consumer_Discretionary
DOLE,Consumer_Staples
DOMO,Information_Technology
DOYU,Communication_Services
DPG,Unknown
DPLO,Health_Care
DPRX,Health_Care
DQ,Information_Technology
DRCT,Communication_Services
DRII,Consumer_Discretionary
DRMA,Health_Care
DRNA,Health_Care
DRTX,Health_Care
DRVN,Consumer_Discretionary
DSE,Unknown
DSEY,Materials
DSGN,Health_Care
DSKY,Information_Technology
DSL,Unknown
DSP,Information_Technology
DT,Information_Technology
DTC,Unknown
DTCK,Unknown
DTEA,Unknown
DTIL,Health_Care
DTSS,Information_Technology
DUO,Communication_Services
DUOL,Consumer_Discretionary
DV,Communication_Services
DVOX,Unknown
DWRE,Information_Technology
DYFN,Unknown
DYN,Health_Care
DYNS,Unknown
EAC,Unknown
EAF,Industrials
EAR,Health_Care
EARN,Financials
EARS,Unknown
EAST,Unknown
EB,Communication_Services
EBET,Consumer_Discretionary
EBIO,Unknown
EBON,Information_Technology
ECAC,Unknown
ECAT,Unknown
ECC,Unknown
ECOM,Information_Technology
ECOR,Health_Care
ECR,Unknown
ECT,Unknown
ECYT,Health_Care
EDBL,Consumer_Staples
EDF,Unknown
EDG,Industrials
EDGE,Unknown
EDI,Unknown
EDIT,Health_Care
EDR,Communication_Services
EDTK,Consumer_Discretionary
EE,Energy
EEIQ,Consumer_Discretionary
EEX,Communication_Services
EFC,Financials
EFF,Unknown
EFL,Unknown
EGIF,Unknown
EGLT,Unknown
EGRX,Health_Care
EH,Industrials
EHGO,Industrials
EHIC,Industrials
EHT,Unknown
EIC,Unknown
EIDX,Unknown
EIGI,Information_Technology
EJFA,Unknown
EJH,Consumer_Discretionary
ELAB,Consumer_Staples
ELAN,Health_Care
ELEV,Health_Care
ELF,Consumer_Staples
ELLI,Information_Technology
ELMD,Health_Care
ELOQ,Information_Technology
ELT,Unknown
ELVN,Health_Care
ELVT,Financials
ELWS,Unknown
ELYM,Unknown
EM,Consumer_Discretionary
EMES,Unknown
EMO,Unknown
ENBL,Energy
ENFC,Financials
ENFN,Information_Technology
ENLT,Utilities
ENPH,Information_Technology
ENTA,Health_Care
ENTL,Health_Care
ENTX,Health_Care
ENV,Information_Technology
ENVI,Unknown
ENZY,Health_Care
EOLS,Health_Care
EOPN,Information_Technology
EPAM,Information_Technology
EPE,Unknown
EPOC,Health_Care
EPRT,Real_Estate
EPZM,Health_Care
EQ,Health_Care
EQBK,Financials
EQH,Financials
EQM,Energy
EQV,Unknown
ERAS,Health_Care
EROS,Unknown
ERYP,Unknown
ESMT,Information_Technology
ESNT,Financials
ESPR,Health_Care
ESQ,Financials
ESRT,Real_Estate
ESTA,Health_Care
ESTC,Information_Technology
ET,Energy
ETNB,Health_Care
ETON,Health_Care
ETSY,Consumer_Discretionary
ETTX,Health_Care
ETUA,Unknown
ETUB,Unknown
ETX,Unknown
EURN,Unknown
EUSG,Unknown
EVA,Unknown
EVAC,Unknown
EVAR,Unknown
EVAX,Health_Care
EVBG,Information_Technology
EVCM,Information_Technology
EVDY,Information_Technology
EVER,Communication_Services
EVGN,Health_Care
EVH,Health_Care
EVHC,Health_Care
EVLO,Health_Care
EVOK,Health_Care
EVOP,Financials
EVSI,Unknown
EVT,Unknown
EWCZ,Consumer_Discretionary
EWTX,Health_Care
EXA,Information_Technology
EXAI,Health_Care
EXAM,Health_Care
EXD,Unknown
EXFY,Information_Technology
EXL,Financials
EXPR,Unknown
EYE,Consumer_Discretionary
EYEG,Unknown
EYEN,Unknown
EYES,Unknown
EZFL,Unknown
EZGO,Consumer_Discretionary
FA,Industrials
FACT,Unknown
FAMI,Consumer_Staples
FANG,Energy
FAT,Unknown
FATE,Health_Care
FB,Unknown
FBK,Financials
FBM,Industrials
FBNK,Unknown
FCUV,Information_Technology
FDC,Information_Technology
FDEU,Unknown
FDMT,Health_Care
FDUS,Financials
FEBO,Consumer_Discretionary
FEDU,Consumer_Discretionary
FEI,Unknown
FELP,Unknown
FEMY,Health_Care
FENG,Communication_Services
FENX,Consumer_Discretionary
FET,Energy
FEYE,Unknown
FFN,Unknown
FGBI,Financials
FGEN,Unknown
FGI,Industrials
FGL,Industrials
FHB,Financials
FHL,Unknown
FHS,Unknown
FHTX,Health_Care
FI,Unknown
FIBK,Financials
FIF,Unknown
FIGS,Consumer_Discretionary
FIHL,Financials
FINS,Unknown
FINW,Financials
FIO,Information_Technology
FISH,Unknown
FIVE,Consumer_Discretionary
FIVN,Information_Technology
FIXX,Unknown
FLDM,Unknown
FLGC,Unknown
FLKS,Health_Care
FLNC,Industrials
FLT,Unknown
FLTX,Information_Technology
FLX,Industrials
FLXN,Unknown
FLYE,Consumer_Discretionary
FLYW,Financials
FMCI,Unknown
FMI,Health_Care
FMSA,Energy
FMTX,Health_Care
FN,Information_Technology
FNA,Health_Care
FNBC,Unknown
FNCH,Unknown
FND,Consumer_Discretionary
FNGN,Financials
FNKO,Consumer_Discretionary
FOCS,Financials
FOGO,Unknown
FOMX,Unknown
FORG,Information_Technology
FORK,Consumer_Discretionary
FOUR,Financials
FOXF,Consumer_Discretionary
FPF,Unknown
FPH,Real_Estate
FPI,Real_Estate
FPL,Unknown
FPRX,Health_Care
FRAC,Unknown
FRAN,Unknown
FRBA,Financials
FREQ,Unknown
FRF,Unknown
FRLN,Health_Care
FRNK,Financials
FROG,Information_Technology
FRPT,Consumer_Staples
FRSH,Information_Technology
FRTA,Materials
FRZA,Consumer_Discretionary
FSAM,Financials
FSBC,Financials
FSBW,Financials
FSCT,Information_Technology
FSD,Unknown
FSDC,Unknown
FSFR,Unknown
FSHP,Unknown
FSII,Unknown
FSL,Information_Technology
FSLY,Information_Technology
FTAA,Unknown
FTAI,Industrials
FTCH,Unknown
FTCI,Industrials
FTEL,Unknown
FTHM,Real_Estate
FTSI,Energy
FTSV,Health_Care
FTT,Unknown
FUEL,Information_Technology
FULC,Health_Care
FULL,Financials
FUSN,Health_Care
FVAM,Unknown
FVCB,Financials
FVR,Real_Estate
FVRR,Industrials
FWAA,Unknown
FWAC,Unknown
FWM,Unknown
FWP,Unknown
FWRG,Consumer_Discretionary
FX,Unknown
FXCM,Unknown
FXLV,Consumer_Discretionary
GAGA,Consumer_Staples
GALT,Health_Care
GAMB,Communication_Services
GAN,Consumer_Discretionary
GANX,Health_Care
GARS,Financials
GAUZ,Information_Technology
GBAB,Unknown
GBBK,Unknown
GBDC,Financials
GBIM,Health_Care
GBIO,Health_Care
GBS,Unknown
GBSN,Unknown
GBT,Health_Care
GCAP,Financials
GCT,Consumer_Discretionary
GDDY,Information_Technology
GDEF,Unknown
GDHG,Consumer_Discretionary
GDI,Unknown
GDOT,Financials
GDRX,Health_Care
GDS,Information_Technology
GDTC,Health_Care
GEDU,Consumer_Discretionary
GELS,Health_Care
GEMP,Health_Care
GENK,Consumer_Discretionary
GEQ,Unknown
GER,Unknown
GEVO,Energy
GFAI,Industrials
GFL,Industrials
GFS,Information_Technology
GGM,Unknown
GGS,Unknown
GH,Health_Care
GHG,Consumer_Discretionary
GHLD,Financials
GHRS,Health_Care
GHY,Unknown
GI,Health_Care
GIMO,Information_Technology
GKOS,Health_Care
GLBE,Consumer_Discretionary
GLBL,Unknown
GLE,Information_Technology
GLMD,Health_Care
GLOB,Information_Technology
GLOG,Energy
GLOP,Energy
GLPG,Health_Care
GLSI,Health_Care
GLTO,Unknown
GLUE,Health_Care
GLXG,Industrials
GLYC,Unknown
GM,Consumer_Discretionary
GMAB,Health_Care
GMAN,Unknown
GMDA,Unknown
GMED,Health_Care
GMLP,Energy
GMM,Communication_Services
GMRE,Unknown
GMS,Industrials
GMZ,Unknown
GNBC,Financials
GNC,Unknown
GNCA,Unknown
GNFT,Unknown
GNLN,Consumer_Discretionary
GNLX,Health_Care
GNMK,Health_Care
GNOM,Unknown
GNPX,Health_Care
GNRC,Industrials
GNRT,Energy
GNS,Consumer_Discretionary
GNT,Unknown
GNTY,Financials
GO,Consumer_Staples
GOBI,Unknown
GOCO,Financials
GOED,Unknown
GOGO,Communication_Services
GOLF,Consumer_Discretionary
GOMO,Information_Technology
GOSS,Health_Care
GOVX,Health_Care
GPAK,Communication_Services
GPCR,Health_Care
GPK,Materials
GPMT,Financials
GPP,Energy
GPRO,Consumer_Discretionary
GRAY,Unknown
GRCL,Health_Care
GRDN,Health_Care
GRIL,Unknown
GRM,Materials
GRO,Materials
GROY,Materials
GRPH,Unknown
GRPN,Consumer_Discretionary
GRTS,Unknown
GRTX,Health_Care
GRUB,Unknown
GRVI,Unknown
GSBD,Financials
GSE,Unknown
GSHD,Financials
GSIW,Financials
GSJK,Unknown
GSRT,Unknown
GSVC,Unknown
GSX,Unknown
GTBP,Health_Care
GTES,Industrials
GTH,Health_Care
GTHX,Health_Care
GTLB,Information_Technology
GTWN,Financials
GUTS,Health_Care
GVH,Industrials
GWAY,Health_Care
GWB,Financials
GWGH,Unknown
GWRS,Utilities
GZT,Unknown
HABT,Consumer_Discretionary
HAIR,Health_Care
HAO,Communication_Services
HAPP,Unknown
HARP,Health_Care
HASI,Financials
HAWK,Information_Technology
HAYW,Industrials
HBK,Financials
HBMD,Financials
HBT,Financials
HCA,Health_Care
HCAP,Financials
HCAQ,Unknown
HCAT,Health_Care
HCC,Materials
HCDI,Unknown
HCLP,Unknown
HCM,Health_Care
HCP,Information_Technology
HCTI,Health_Care
HCWB,Health_Care
HCWC,Consumer_Staples
HDP,Information_Technology
HDS,Industrials
HEBT,Unknown
HELI,Unknown
HEQ,Unknown
HESM,Energy
HFEN,Unknown
HG,Financials
HHR,Industrials
HIE,Unknown
HIFR,Real_Estate
HIIQ,Unknown
HILS,Unknown
HIT,Financials
HIVE,Information_Technology
HJLI,Unknown
HKD,Information_Technology
HKIB,Unknown
HKIT,Information_Technology
HLG,Consumer_Discretionary
HLI,Financials
HLNE,Financials
HLSS,Unknown
HLT,Consumer_Discretionary
HLTH,Unknown
HLVX,Health_Care
HLXA,Unknown
HLXB,Unknown
HMHC,Consumer_Discretionary
HMI,Unknown
HMLP,Energy
HMPT,Financials
HMST,Financials
HNST,Consumer_Staples
HNVR,Financials
HOME,Consumer_Discretionary
HOOD,Financials
HOOK,Health_Care
HOTH,Health_Care
HOWL,Health_Care
HPAC,Unknown
HPCO,Consumer_Staples
HPP,Real_Estate
HPTX,Health_Care
HQY,Health_Care
HRMY,Health_Care
HRT,Industrials
HRTG,Financials
HRYU,Unknown
HRZN,Financials
HSAI,Consumer_Discretionary
HSAQ,Unknown
HSCS,Health_Care
HSFT,Unknown
HSGX,Health_Care
HTBX,Unknown
HTCR,Information_Technology
HTGM,Unknown
HTHT,Consumer_Discretionary
HTLM,Consumer_Discretionary
HTWO,Unknown
HUBS,Information_Technology
HUD,Consumer_Discretionary
HUDA,Unknown
HUDI,Materials
HUHU,Industrials
HUIZ,Financials
HUYA,Communication_Services
HX,Unknown
HYAC,Unknown
HYFM,Industrials
HYI,Unknown
HYRE,Unknown
HYW,Unknown
HZNP,Health_Care
I,Unknown
IACC,Unknown
IAS,Communication_Services
IBEX,Industrials
IBG,Consumer_Staples
IBIO,Health_Care
IBO,Health_Care
IBP,Consumer_Discretionary
IBTA,Communication_Services
IBTX,Financials
ICBK,Financials
ICCH,Financials
ICEL,Health_Care
ICG,Information_Technology
ICHR,Information_Technology
ICL,Materials
ICLD,Information_Technology
ICLK,Unknown
ICON,Industrials
ICPT,Health_Care
ICVX,Health_Care
IDE,Unknown
IDYA,Health_Care
IFBD,Information_Technology
IFRX,Health_Care
IFS,Financials
IFT,Unknown
IGMS,Health_Care
IH,Communication_Services
IHD,Unknown
IHS,Communication_Services
IIIV,Information_Technology
IINN,Health_Care
IIPR,Real_Estate
IKNA,Unknown
IKT,Health_Care
IL,Information_Technology
ILAG,Industrials
ILPT,Real_Estate
IMAB,Unknown
IMAC,Unknown
IMC,Financials
IMCR,Health_Care
IMDZ,Health_Care
IMGO,Health_Care
IMI,Information_Technology
IMMX,Health_Care
IMMY,Unknown
IMNM,Health_Care
IMPL,Unknown
IMPR,Health_Care
IMPV,Information_Technology
IMRA,Unknown
IMRX,Health_Care
IMS,Health_Care
INAB,Health_Care
INBX,Health_Care
INCR,Health_Care
INDO,Energy
INF,Unknown
INFA,Information_Technology
INGM,Information_Technology
INGN,Health_Care
INHD,Materials
INKT,Health_Care
INMB,Health_Care
INMD,Health_Care
INN,Real_Estate
INNL,Health_Care
INNV,Health_Care
INOV,Unknown
INSP,Health_Care
INST,Information_Technology
INTA,Information_Technology
INTJ,Communication_Services
INTS,Health_Care
INVH,Real_Estate
INVN,Unknown
INXN,Information_Technology
INZY,Health_Care
IOBT,Unknown
IOT,Information_Technology
IOTS,Information_Technology
IPDN,Industrials
IPHI,Information_Technology
IPIC,Consumer_Discretionary
IPOA,Unknown
IPSC,Health_Care
IPW,Industrials
IPWR,Information_Technology
IQ,Communication_Services
IREN,Information_Technology
IRG,Unknown
IRMD,Health_Care
IRT,Real_Estate
IRTC,Health_Care
IRWD,Health_Care
ISAA,Unknown
ISD,Unknown
ISO,Health_Care
ISPC,Health_Care
ISPR,Consumer_Staples
ISS,Information_Technology
ISTR,Financials
ITCI,Health_Care
ITEK,Health_Care
ITOS,Health_Care
ITRM,Unknown
IVA,Health_Care
IVH,Unknown
IVP,Unknown
IVTY,Health_Care
IZM,Information_Technology
IZTC,Unknown
JAG,Unknown
JAGX,Health_Care
JAMF,Information_Technology
JANX,Health_Care
JBDI,Materials
JCAP,Financials
JCO,Unknown
JCSE,Industrials
JD,Consumer_Discretionary
JDZG,Consumer_Discretionary
JELD,Industrials
JEWL,Materials
JFBR,Unknown
JFIN,Financials
JFU,Communication_Services
JG,Information_Technology
JGW,Unknown
JHA,Unknown
JHY,Unknown
JILL,Consumer_Discretionary
JIVE,Unknown
JKS,Information_Technology
JL,Consumer_Discretionary
JMEI,Consumer_Discretionary
JMF,Unknown
JMI,Financials
JMIA,Consumer_Discretionary
JMLP,Unknown
JNCE,Health_Care
JOAN,Unknown
JONE,Unknown
JP,Unknown
JPEP,Energy
JPI,Unknown
JPW,Unknown
JRI,Unknown
JRSH,Consumer_Discretionary
JRVR,Financials
JSD,Unknown
JT,Unknown
JUNE,Unknown
JUPW,Unknown
JWEL,Consumer_Discretionary
JYAC,Unknown
JYNT,Health_Care
JZ,Consumer_Discretionary
JZXN,Consumer_Discretionary
KAAC,Unknown
KALA,Health_Care
KANG,Health_Care
KAPA,Health_Care
KARO,Information_Technology
KBDC,Financials
KBIO,Unknown
KBNT,Communication_Services
KC,Information_Technology
KDLY,Unknown
KDMN,Health_Care
KEYW,Industrials
KFX,Information_Technology
KGS,Energy
KH,Health_Care
KIDS,Health_Care
KIN,Health_Care
KING,Information_Technology
KIO,Unknown
KIOR,Unknown
KIPO,Unknown
KIPS,Health_Care
KITE,Health_Care
KLC,Consumer_Discretionary
KLDO,Health_Care
KLTR,Information_Technology
KMDA,Health_Care
KMF,Unknown
KMI,Energy
KMPH,Unknown
KNBE,Information_Technology
KNOP,Energy
KNSA,Health_Care
KNSL,Financials
KNTE,Health_Care
KOD,Health_Care
KONE,Unknown
KORS,Unknown
KOS,Energy
KPTI,Health_Care
KRBP,Unknown
KREF,Financials
KRKR,Communication_Services
KRNT,Industrials
KRON,Health_Care
KROS,Health_Care
KRP,Energy
KRT,Industrials
KRTX,Health_Care
KRUS,Consumer_Discretionary
KRYS,Health_Care
KSPI,Financials
KTOV,Unknown
KTTA,Health_Care
KTWO,Unknown
KUKE,Unknown
KVSA,Unknown
KVSB,Unknown
KVSC,Unknown
KVUE,Consumer_Staples
KVYO,Information_Technology
KYAK,Consumer_Discretionary
KYMR,Health_Care
KYTH,Health_Care
KYTX,Health_Care
KZR,Health_Care
LABP,Health_Care
LADR,Financials
LAIX,Unknown
LAND,Real_Estate
LAS,Unknown
LASE,Industrials
LASR,Information_Technology
LAUR,Consumer_Discretionary
LAW,Information_Technology
LB,Real_Estate
LBC,Financials
LBGJ,Industrials
LBPH,Health_Care
LC,Financials
LCFY,Information_Technology
LDI,Financials
LDP,Unknown
LDRH,Unknown
LEAF,Consumer_Discretionary
LEDS,Information_Technology
LEGH,Consumer_Discretionary
LEGN,Health_Care
LEJU,Unknown
LENS,Unknown
LESL,Consumer_Discretionary
LEVI,Consumer_Discretionary
LEVL,Financials
LFIN,Financials
LFST,Health_Care
LGCB,Consumer_Discretionary
LGCL,Industrials
LGCY,Consumer_Discretionary
LGIH,Consumer_Discretionary
LGP,Unknown
LGVN,Health_Care
LHAA,Unknown
LHDX,Unknown
LI,Consumer_Discretionary
LIAN,Unknown
LIFE,Financials
LINE,Real_Estate
LIPO,Health_Care
LIQD,Unknown
LITB,Consumer_Discretionary
LITM,Unknown
LIZI,Unknown
LK,Unknown
LMND,Financials
LMNS,Health_Care
LMPX,Consumer_Discretionary
LMRK,Real_Estate
LNCO,Unknown
LNKB,Financials
LNKD,Information_Technology
LNKS,Industrials
LNTH,Health_Care
LOAR,Industrials
LOB,Financials
LOBO,Consumer_Discretionary
LOCK,Consumer_Discretionary
LOCO,Consumer_Discretionary
LOGC,Consumer_Discretionary
LOMA,Materials
LOVE,Consumer_Discretionary
LOXO,Health_Care
LPDX,Health_Care
LPI,Unknown
LPLA,Financials
LQ,Unknown
LQDA,Health_Care
LQR,Unknown
LRE,Consumer_Discretionary
LRHC,Real_Estate
LSAQ,Unknown
LSE,Energy
LSF,Consumer_Staples
LSH,Industrials
LSPD,Information_Technology
LTH,Consumer_Discretionary
LTHM,Unknown
LTM,Industrials
LTN,Unknown
LTRN,Health_Care
LU,Financials
LUCD,Health_Care
LUCY,Health_Care
LUNG,Health_Care
LVGO,Health_Care
LVLU,Consumer_Discretionary
LX,Financials
LXEH,Consumer_Discretionary
LXEO,Health_Care
LXFR,Industrials
LXFT,Information_Technology
LYEL,Health_Care
LYFT,Industrials
LYL,Unknown
LYRA,Health_Care
LYT,Unknown
LZ,Industrials
LZEN,Unknown
MACK,Health_Care
MACQ,Unknown
MAIA,Health_Care
MAMO,Consumer_Discretionary
MANU,Communication_Services
MASS,Information_Technology
MAX,Communication_Services
MB,Consumer_Discretionary
MBII,Materials
MBIN,Financials
MBLY,Consumer_Discretionary
MBRX,Health_Care
MBUU,Consumer_Discretionary
MBX,Health_Care
MC,Financials
MCB,Financials
MCBK,Financials
MCBS,Financials
MCC,Unknown
MCEP,Energy
MCFE,Information_Technology
MCFT,Consumer_Discretionary
MCG,Unknown
MCLD,Unknown
MCOX,Consumer_Discretionary
MCP,Unknown
MCRB,Health_Care
MCRN,Industrials
MCUR,Health_Care
MCW,Consumer_Discretionary
MDB,Information_Technology
MDBH,Financials
MDCX,Health_Care
MDGN,Unknown
MDJH,Unknown
MDLA,Information_Technology
MDLY,Unknown
MDMD,Information_Technology
MDRR,Real_Estate
MDVX,Health_Care
MDWD,Health_Care
MDWT,Unknown
MDXH,Health_Care
MEC,Industrials
MEDH,Consumer_Discretionary
MEDP,Health_Care
MEG,Industrials
MEGI,Unknown
MEGL,Financials
MEKA,Unknown
MELR,Financials
MEMP,Unknown
MEP,Energy
MERU,Information_Technology
MESA,Unknown
METC,Materials
MF,Unknown
MFI,Financials
MFRM,Unknown
MGAM,Communication_Services
MGIH,Materials
MGNX,Health_Care
MGOL,Unknown
MGP,Real_Estate
MGRM,Health_Care
MGTA,Unknown
MGTX,Health_Care
MGX,Health_Care
MHUA,Unknown
MIE,Unknown
MIII,Unknown
MIK,Consumer_Discretionary
MIME,Information_Technology
MINM,Unknown
MIRA,Health_Care
MIRM,Health_Care
MIRN,Health_Care
MIRO,Health_Care
MIST,Health_Care
MITO,Health_Care
MITQ,Communication_Services
MITT,Financials
MKD,Unknown
MKTG,Information_Technology
MKTO,Information_Technology
MLNK,Information_Technology
MLYS,Health_Care
MM,Information_Technology
MMA,Consumer_Discretionary
MMAT,Unknown
MMD,Unknown
MMI,Real_Estate
MMYT,Consumer_Discretionary
MN,Financials
MNDR,Health_Care
MNDY,Information_Technology
MNGA,Unknown
MNLO,Unknown
MNPR,Health_Care
MNR,Energy
MNRL,Energy
MNSO,Consumer_Discretionary
MNTK,Utilities
MOBI,Information_Technology
MOBL,Information_Technology
MOBQ,Communication_Services
MODN,Information_Technology
MOGU,Consumer_Discretionary
MOHO,Unknown
MOLG,Unknown
MOLN,Health_Care
MOMO,Communication_Services
MONT,Information_Technology
MOR,Health_Care
MORF,Health_Care
MOTR,Unknown
MOTS,Health_Care
MOVE,Information_Technology
MPG,Unknown
MPLX,Energy
MPO,Energy
MPSX,Materials
MQ,Financials
MRAI,Financials
MRAM,Information_Technology
MRBK,Financials
MRC,Industrials
MRCC,Financials
MRD,Energy
MRIN,Unknown
MRKT,Financials
MRM,Consumer_Discretionary
MRNA,Health_Care
MRNS,Health_Care
MRSN,Health_Care
MRT,Industrials
MRUS,Health_Care
MRVI,Health_Care
MRX,Financials
MSB,Materials
MSBI,Financials
MSC,Consumer_Discretionary
MSDI,Unknown
MSDL,Financials
MSGM,Communication_Services
MSP,Information_Technology
MSW,Industrials
MTBC,Unknown
MTCH,Communication_Services
MTCR,Health_Care
MTDR,Energy
MTEK,Information_Technology
MTEN,Consumer_Discretionary
MTGE,Financials
MTLS,Information_Technology
MTSI,Information_Technology
MULE,Information_Technology
MUSA,Consumer_Discretionary
MVNR,Unknown
MWK,Unknown
MWRX,Unknown
MX,Information_Technology
MXCT,Health_Care
MXI,Unknown
MXPT,Information_Technology
MY,Industrials
MYCC,Consumer_Discretionary
MYFW,Financials
MYNZ,Unknown
MYOK,Health_Care
MYTE,Unknown
NAMI,Consumer_Discretionary
NANO,Information_Technology
NAO,Unknown
NAOV,Unknown
NAP,Energy
NAPA,Consumer_Staples
NARI,Health_Care
NBB,Unknown
NBCB,Unknown
NBD,Unknown
NBHC,Financials
NBLX,Energy
NBRV,Unknown
NCDL,Financials
NCEW,Industrials
NCFT,Industrials
NCI,Consumer_Discretionary
NCL,Industrials
NCLH,Consumer_Discretionary
NCNA,Health_Care
NCNO,Information_Technology
NCOM,Financials
NCPL,Financials
NDLS,Consumer_Discretionary
NDP,Unknown
NDRA,Health_Care
NDRM,Health_Care
NDRO,Unknown
NEFF,Industrials
NEOS,Health_Care
NEOT,Health_Care
NEOV,Industrials
NEP,Unknown
NERV,Health_Care
NET,Information_Technology
NETD,Unknown
NETS,Consumer_Discretionary
NEW,Unknown
NEWA,Industrials
NEWR,Information_Technology
NEXI,Health_Care
NFE,Energy
NFTG,Unknown
NGHC,Financials
NGL,Energy
NGM,Health_Care
NGMS,Consumer_Discretionary
NGVC,Consumer_Staples
NH,Unknown
NHA,Unknown
NID,Unknown
NINE,Energy
NIO,Consumer_Discretionary
NIPG,Communication_Services
NIQ,Communication_Services
NIU,Consumer_Discretionary
NK,Health_Care
NKA,Energy
NKTX,Health_Care
NLNK,Health_Care
NLSN,Industrials
NLSP,Health_Care
NMBL,Unknown
NMCO,Unknown
NMFC,Financials
NMIH,Financials
NML,Unknown
NMRA,Health_Care
NMRK,Real_Estate
NNE,Industrials
NNOX,Health_Care
NOAH,Financials
NOR,Unknown
NORD,Financials
NOVA,Unknown
NOVN,Unknown
NOW,Information_Technology
NPCT,Unknown
NPTN,Information_Technology
NQ,Unknown
NRDS,Financials
NREF,Financials
NRGM,Energy
NRGX,Unknown
NRIX,Health_Care
NRSN,Health_Care
NRX,Unknown
NRXS,Health_Care
NSA,Real_Estate
NSLP,Unknown
NSM,Financials
NSPR,Health_Care
NSTG,Unknown
NTCL,Consumer_Discretionary
NTG,Unknown
NTGN,Health_Care
NTI,Energy
NTLA,Health_Care
NTNX,Information_Technology
NTRA,Health_Care
NTRB,Health_Care
NTSP,Financials
NTST,Real_Estate
NU,Financials
NUVL,Health_Care
NVA,Materials
NVCR,Health_Care
NVCT,Health_Care
NVEI,Financials
NVET,Health_Care
NVLS,Health_Care
NVRO,Health_Care
NVST,Health_Care
NVTA,Unknown
NWBO,Health_Care
NWGL,Materials
NWHM,Consumer_Discretionary
NXGL,Health_Care
NXL,Health_Care
NXPI,Information_Technology
NXT,Industrials
NXTC,Health_Care
NXTD,Unknown
NYLD,Unknown
NYXH,Health_Care
OABC,Financials
OAK,Financials
OAKS,Unknown
OAS,Unknown
OASM,Unknown
OB,Unknown
OBAF,Financials
OBLN,Health_Care
OBNK,Unknown
OBSV,Unknown
OCCI,Unknown
OCDX,Health_Care
OCFT,Information_Technology
OCG,Communication_Services
OCIP,Materials
OCIR,Unknown
OCUL,Health_Care
ODD,Consumer_Staples
ODT,Unknown
OEC,Materials
OFED,Financials
OFS,Financials
OG,Unknown
OILT,Unknown
OINK,Unknown
OKTA,Information_Technology
OLK,Health_Care
OLLI,Consumer_Discretionary
OLMA,Health_Care
OLO,Information_Technology
OLPX,Consumer_Staples
OM,Health_Care
OMAM,Unknown
OMED,Unknown
OMEG,Unknown
OMGA,Unknown
OMH,Real_Estate
OMIC,Health_Care
OMP,Energy
OMTH,Health_Care
ONCE,Health_Care
ONCR,Health_Care
ONDK,Financials
ONE,Unknown
ONEG,Industrials
ONEM,Health_Care
ONEW,Consumer_Discretionary
ONFO,Communication_Services
ONON,Consumer_Discretionary
ONTF,Information_Technology
ONTX,Unknown
ONYX,Unknown
OOMA,Information_Technology
OPA,Unknown
OPB,Financials
OPBK,Financials
OPGN,Unknown
OPHT,Unknown
OPRA,Information_Technology
OPRT,Financials
OPT,Unknown
OPTN,Unknown
OPWR,Information_Technology
ORC,Financials
ORCC,Unknown
ORIC,Health_Care
ORIS,Consumer_Staples
ORKT,Information_Technology
ORPN,Health_Care
ORTX,Health_Care
OS,Information_Technology
OSCR,Financials
OSH,Health_Care
OSMT,Unknown
OSN,Materials
OSS,Information_Technology
OST,Information_Technology
OSTX,Health_Care
OTIC,Health_Care
OTLY,Consumer_Staples
OVID,Health_Care
OXF,Unknown
OXFD,Health_Care
OXLC,Financials
OYST,Health_Care
OZON,Consumer_Discretionary
P,Communication_Services
PACB,Health_Care
PACS,Health_Care
PAGP,Energy
PAGS,Financials
PAHC,Health_Care
PAL,Industrials
PALT,Unknown
PAMT,Industrials
PANA,Unknown
PAND,Health_Care
PAPL,Financials
PARN,Unknown
PASG,Health_Care
PATH,Information_Technology
PAX,Financials
PAXS,Unknown
PAYC,Industrials
PBAX,Unknown
PBF,Energy
PBFX,Energy
PBNC,Financials
PBPB,Consumer_Discretionary
PBTS,Unknown
PBYI,Health_Care
PC,Consumer_Discretionary
PCI,Unknown
PCPC,Unknown
PCRX,Health_Care
PCSA,Health_Care
PCSC,Unknown
PCTY,Industrials
PCVX,Health_Care
PD,Information_Technology
PDD,Consumer_Discretionary
PDI,Unknown
PDO,Unknown
PE,Energy
PEN,Health_Care
PEOP,Financials
PEPG,Health_Care
PER,Unknown
PETQ,Health_Care
PETX,Health_Care
PETZ,Consumer_Staples
PEV,Unknown
PF,Consumer_Staples
PFGC,Consumer_Staples
PFHC,Unknown
PFHD,Financials
PFLT,Financials
PFNX,Health_Care
PFPT,Information_Technology
PFSI,Financials
PGEM,Industrials
PGHL,Unknown
PGND,Health_Care
PGNY,Health_Care
PGRE,Real_Estate
PGRX,Materials
PGZ,Unknown
PHAS,Unknown
PHAT,Health_Care
PHH,Unknown
PHR,Health_Care
PHVS,Health_Care
PI,Information_Technology
PIH,Unknown
PIK,Unknown
PINC,Health_Care
PINE,Real_Estate
PING,Information_Technology
PINS,Communication_Services
PIRS,Unknown
PIXY,Industrials
PLAN,Information_Technology
PLAY,Consumer_Discretionary
PLIN,Unknown
PLMR,Financials
PLNT,Consumer_Discretionary
PLOW,Industrials
PLRX,Health_Care
PLRZ,Health_Care
PLSE,Health_Care
PLTK,Communication_Services
PLYM,Real_Estate
PMAX,Financials
PMEC,Industrials
PMNT,Consumer_Discretionary
PMTS,Information_Technology
PMVP,Health_Care
PN,Industrials
PNAC,Unknown
PNG,Energy
POLA,Industrials
PONY,Information_Technology
POSH,Consumer_Discretionary
POWW,Consumer_Discretionary
PPD,Health_Care
PPDF,Unknown
PPHI,Financials
PPSI,Industrials
PQG,Unknown
PRAH,Health_Care
PRAX,Health_Care
PRCT,Health_Care
PRFX,Health_Care
PRI,Financials
PRLB,Industrials
PRLD,Health_Care
PRME,Health_Care
PRMW,Unknown
PRNB,Health_Care
PROG,Unknown
PROS,Financials
PRQR,Health_Care
PRSS,Consumer_Discretionary
PRT,Energy
PRTO,Unknown
PRTY,Unknown
PRVA,Health_Care
PRVB,Health_Care
PRVL,Health_Care
PRZO,Information_Technology
PSBD,Financials
PSDO,Information_Technology
PSF,Unknown
PSG,Unknown
PSMI,Information_Technology
PSN,Industrials
PSNL,Health_Care
PSTB,Financials
PSTG,Information_Technology
PSTL,Real_Estate
PSTX,Health_Care
PSXP,Energy
PT,Unknown
PTGX,Health_Care
PTHL,Unknown
PTHN,Health_Care
PTI,Health_Care
PTLA,Health_Care
PTLE,Energy
PTLO,Consumer_Discretionary
PTON,Consumer_Discretionary
PTVE,Materials
PTXP,Energy
PUB,Unknown
PUBM,Communication_Services
PUMP,Energy
PUYI,Unknown
PWM,Unknown
PWSC,Information_Technology
PX,Unknown
PXDT,Industrials
PYCR,Industrials
PYPD,Health_Care
PZRX,Unknown
Q,Information_Technology
QD,Unknown
QEPM,Energy
QES,Energy
QFIN,Financials
QH,Unknown
QIHU,Information_Technology
QIWI,Financials
QK,Unknown
QLI,Unknown
QLIK,Information_Technology
QLYS,Information_Technology
QMMM,Communication_Services
QNST,Communication_Services
QRE,Energy
QSG,Unknown
QTNA,Information_Technology
QTRX,Health_Care
QTS,Real_Estate
QTT,Unknown
QTWO,Information_Technology
QUNR,Consumer_Discretionary
QURE,Health_Care
RAAS,Unknown
RACB,Unknown
RACE,Consumer_Discretionary
RAIN,Industrials
RALY,Information_Technology
RANI,Health_Care
RAPP,Health_Care
RAPT,Health_Care
RARX,Health_Care
RATE,Unknown
RAY,Consumer_Discretionary
RAYA,Industrials
RBB,Financials
RBRK,Information_Technology
RCAP,Unknown
RCAT,Industrials
RCPT,Health_Care
RCRT,Unknown
RCUS,Health_Care
RDA,Information_Technology
RDDT,Communication_Services
RDFN,Real_Estate
RDUS,Materials
REAL,Consumer_Discretionary
REBN,Consumer_Staples
RECT,Industrials
REDU,Unknown
REFI,Financials
REGI,Energy
RELI,Unknown
RELY,Financials
RENN,Unknown
RENT,Consumer_Discretionary
RENX,Real_Estate
REPH,Unknown
REPL,Health_Care
RERE,Consumer_Discretionary
RESN,Information_Technology
RETA,Health_Care
RETO,Materials
REVG,Industrials
REVH,Unknown
REXR,Real_Estate
REYN,Consumer_Staples
RGDO,Health_Care
RGF,Unknown
RGLS,Health_Care
RGNX,Health_Care
RGT,Unknown
RH,Consumer_Discretionary
RICE,Unknown
RIGP,Energy
RITR,Real_Estate
RIV,Unknown
RIVN,Consumer_Discretionary
RKDA,Consumer_Staples
RKT,Financials
RKUS,Information_Technology
RLAY,Health_Care
RLD,Information_Technology
RLGY,Unknown
RLJ,Real_Estate
RLOC,Consumer_Discretionary
RLTY,Unknown
RLX,Consumer_Staples
RLYB,Health_Care
RLYP,Health_Care
RM,Financials
RMAX,Real_Estate
RMED,Unknown
RMP,Energy
RNA,Health_Care
RNAZ,Health_Care
RNDY,Consumer_Staples
RNET,Energy
RNF,Materials
RNG,Information_Technology
RNGR,Energy
RNO,Unknown
RNXT,Health_Care
ROAD,Industrials
ROCC,Energy
ROKA,Health_Care
ROKU,Communication_Services
ROLR,Consumer_Discretionary
ROMA,Industrials
ROOT,Financials
ROYT,Unknown
RP,Information_Technology
RPAI,Real_Estate
RPD,Information_Technology
RPHM,Unknown
RPID,Health_Care
RPRX,Health_Care
RPTX,Health_Care
RPXC,Industrials
RR,Industrials
RRBI,Financials
RRMS,Energy
RRR,Consumer_Discretionary
RRTS,Industrials
RSKD,Information_Technology
RSPP,Energy
RTGN,Health_Care
RTLR,Energy
RTRX,Unknown
RTTR,Health_Care
RUBI,Energy
RUBY,Health_Care
RUHN,Consumer_Discretionary
RUN,Industrials
RVLV,Consumer_Discretionary
RVMD,Health_Care
RVNC,Health_Care
RVSN,Information_Technology
RWAY,Financials
RWLK,Unknown
RXDX,Health_Care
RXN,Unknown
RXRX,Health_Care
RXST,Health_Care
RXT,Information_Technology
RYAN,Financials
RYB,Unknown
RYDE,Industrials
RYI,Unknown
RYTM,Health_Care
RYZB,Health_Care
S,Information_Technology
SABR,Consumer_Discretionary
SACH,Financials
SAFE,Real_Estate
SAG,Unknown
SAGE,Health_Care
SAIL,Information_Technology
SAJA,Information_Technology
SALE,Unknown
SALT,Unknown
SAMG,Financials
SANA,Health_Care
SANW,Consumer_Staples
SARO,Industrials
SAVE,Unknown
SBBP,Health_Care
SBCP,Financials
SBEV,Unknown
SBPH,Health_Care
SBT,Financials
SBTX,Unknown
SBXC,Unknown
SBY,Real_Estate
SC,Financials
SCAI,Health_Care
SCM,Financials
SCPH,Health_Care
SCPL,Communication_Services
SCR,Communication_Services
SCTY,Unknown
SCWX,Information_Technology
SCYX,Health_Care
SDC,Unknown
SDGR,Health_Care
SDH,Unknown
SDHC,Consumer_Discretionary
SDIG,Information_Technology
SDLP,Unknown
SDPI,Energy
SDR,Unknown
SDT,Unknown
SE,Consumer_Discretionary
SEAS,Unknown
SECO,Unknown
SEER,Health_Care
SELB,Unknown
SEMI,Unknown
SEMR,Information_Technology
SEND,Information_Technology
SENS,Health_Care
SEPN,Health_Care
SERA,Health_Care
SERV,Consumer_Discretionary
SEV,Consumer_Discretionary
SFBC,Financials
SFBS,Financials
SFET,Unknown
SFHG,Industrials
SFIX,Consumer_Discretionary
SFM,Consumer_Staples
SFS,Consumer_Staples
SFUN,Unknown
SFXE,Unknown
SG,Consumer_Discretionary
SGBX,Unknown
SGE,Information_Technology
SGFY,Health_Care
SGH,Unknown
SGHT,Health_Care
SGM,Financials
SGMT,Health_Care
SGN,Unknown
SGNL,Health_Care
SGOC,Unknown
SGRY,Health_Care
SGTX,Health_Care
SGYP,Unknown
SHAK,Consumer_Discretionary
SHC,Health_Care
SHIM,Industrials
SHLS,Industrials
SHLX,Energy
SHOP,Information_Technology
SHP,Health_Care
SHPH,Health_Care
SHS,Industrials
SI,Health_Care
SIBC,Financials
SIBN,Health_Care
SIDU,Industrials
SIEN,Unknown
SILK,Health_Care
SILO,Health_Care
SING,Unknown
SIR,Real_Estate
SITE,Industrials
SITM,Information_Technology
SKIS,Consumer_Discretionary
SKK,Industrials
SKLN,Unknown
SKUL,Consumer_Discretionary
SKWD,Financials
SKYS,Utilities
SKYT,Information_Technology
SKYX,Industrials
SLCA,Energy
SLDB,Health_Care
SLGG,Unknown
SLGL,Health_Care
SLQT,Financials
SLRC,Financials
SLRN,Health_Care
SLTD,Unknown
SMAR,Information_Technology
SMF,Unknown
SMFL,Consumer_Staples
SMLP,Unknown
SMLR,Health_Care
SMM,Unknown
SMTP,Unknown
SMWB,Information_Technology
SMXT,Industrials
SN,Consumer_Discretionary
SNAL,Communication_Services
SNAP,Communication_Services
SNCY,Industrials
SNDR,Industrials
SNDX,Health_Care
SNES,Health_Care
SNNA,Unknown
SNOW,Information_Technology
SNPD,Unknown
SNPO,Consumer_Discretionary
SNSE,Health_Care
SNTG,Industrials
SNYR,Consumer_Staples
SODA,Consumer_Discretionary
SOGO,Communication_Services
SOI,Unknown
SONM,Information_Technology
SONO,Consumer_Discretionary
SONX,Health_Care
SOPA,Communication_Services
SOPH,Health_Care
SOVO,Consumer_Staples
SPAI,Industrials
SPAQ,Unknown
SPBC,Unknown
SPCB,Information_Technology
SPFI,Financials
SPGC,Unknown
SPHL,Consumer_Discretionary
SPKE,Unknown
SPKL,Unknown
SPMC,Unknown
SPPL,Industrials
SPRB,Health_Care
SPRO,Health_Care
SPSC,Information_Technology
SPT,Information_Technology
SPWH,Consumer_Discretionary
SQ,Unknown
SQBK,Financials
SQFT,Real_Estate
SQI,Information_Technology
SQL,Unknown
SQNS,Information_Technology
SQZ,Unknown
SRAD,Consumer_Discretionary
SRBK,Financials
SRC,Real_Estate
SREV,Information_Technology
SRF,Unknown
SRG,Real_Estate
SRLP,Energy
SRM,Unknown
SRRK,Health_Care
SRTS,Health_Care
SSBK,Financials
SSIC,Unknown
SSLJ,Unknown
SSNC,Industrials
SSNI,Information_Technology
SSTI,Information_Technology
SSTK,Communication_Services
ST,Industrials
STAY,Consumer_Discretionary
STBX,Unknown
STCK,Unknown
STDY,Health_Care
STEP,Financials
STER,Industrials
STFS,Communication_Services
STIM,Health_Care
STIR,Unknown
STML,Health_Care
STND,Financials
STNE,Financials
STNG,Energy
STOK,Health_Care
STOR,Real_Estate
STRN,Unknown
STRO,Health_Care
STSA,Health_Care
STSS,Health_Care
STTK,Health_Care
STVN,Health_Care
STXB,Financials
SUGP,Industrials
SUM,Materials
SUMO,Information_Technology
SUNS,Financials
SUPN,Health_Care
SUPV,Financials
SURF,Health_Care
SUSP,Unknown
SVCO,Information_Technology
SVFC,Unknown
SVMK,Unknown
SVV,Consumer_Discretionary
SVVC,Financials
SWAV,Health_Care
SWCH,Information_Technology
SWFT,Industrials
SWI,Information_Technology
SWIM,Consumer_Discretionary
SWIN,Unknown
SWTX,Health_Care
SXC,Materials
SXCP,Materials
SXE,Unknown
SXTC,Health_Care
SXTP,Health_Care
SY,Communication_Services
SYA,Financials
SYF,Financials
SYNC,Information_Technology
SYNX,Industrials
SYRA,Health_Care
SYRS,Health_Care
SYRX,Unknown
SYSW,Financials
SYT,Unknown
SYTA,Unknown
SZC,Unknown
SZYM,Unknown
SZZL,Unknown
TALS,Unknown
TAM,Materials
TANH,Materials
TAOM,Information_Technology
TARS,Health_Care
TASK,Industrials
TBA,Unknown
TBBB,Consumer_Staples
TBET,Health_Care
TBIO,Health_Care
TBK,Unknown
TBLT,Consumer_Discretionary
TBN,Energy
TBOW,Information_Technology
TC,Communication_Services
TCBP,Unknown
TCBX,Financials
TCDA,Unknown
TCFC,Financials
TCJH,Unknown
TCMD,Health_Care
TCN,Real_Estate
TCON,Health_Care
TCPC,Financials
TCPI,Unknown
TCRD,Unknown
TCRR,Health_Care
TCRX,Health_Care
TCS,Unknown
TCVA,Unknown
TDCX,Industrials
TDOC,Health_Care
TDTH,Information_Technology
TDUP,Consumer_Discretionary
TEA,Consumer_Discretionary
TEAF,Unknown
TEAM,Information_Technology
TEDU,Unknown
TEGP,Unknown
TELA,Health_Care
TELO,Health_Care
TEM,Health_Care
TENB,Information_Technology
TEP,Energy
TERN,Health_Care
TERP,Utilities
TEU,Unknown
TFFP,Health_Care
TFM,Unknown
TGEN,Industrials
TGL,Communication_Services
THOR,Health_Care
THQ,Unknown
THR,Industrials
THRD,Health_Care
THRN,Consumer_Staples
THRX,Health_Care
THST,Consumer_Staples
THW,Unknown
TIG,Financials
TIGR,Financials
TIL,Health_Care
TIRX,Unknown
TIVC,Health_Care
TKAI,Health_Care
TKLF,Consumer_Discretionary
TKNO,Health_Care
TLIS,Health_Care
TLLP,Unknown
TLMR,Financials
TLND,Information_Technology
TLOG,Health_Care
TLRY,Health_Care
TLYS,Consumer_Discretionary
TMCI,Health_Care
TMDX,Health_Care
TME,Communication_Services
TMHC,Consumer_Discretionary
TMS,Industrials
TNAV,Information_Technology
TNDM,Health_Care
TNET,Industrials
TNGN,Unknown
TNGO,Information_Technology
TNON,Health_Care
TNTR,Unknown
TNXP,Health_Care
TNYA,Health_Care
TOCA,Health_Care
TORC,Health_Care
TOST,Financials
TOUR,Consumer_Discretionary
TOWR,Consumer_Discretionary
TPB,Consumer_Staples
TPET,Energy
TPG,Financials
TPGH,Unknown
TPGS,Unknown
TPH,Consumer_Discretionary
TPIC,Unknown
TPRE,Unknown
TPTX,Health_Care
TPVG,Financials
TRDA,Health_Care
TRGP,Energy
TRHC,Health_Care
TRIN,Financials
TRIV,Health_Care
TRLA,Unknown
TRMR,Unknown
TRMT,Financials
TRNO,Real_Estate
TRNR,Consumer_Discretionary
TROV,Unknown
TRSG,Information_Technology
TRTX,Financials
TRU,Industrials
TRUE,Communication_Services
TRUP,Financials
TRVG,Communication_Services
TRVI,Health_Care
TRVN,Health_Care
TSBX,Health_Care
TSC,Financials
TSE,Unknown
TSHA,Health_Care
TSLA,Consumer_Discretionary
TSLF,Unknown
TSLX,Financials
TSP,Unknown
TSQ,Communication_Services
TSRE,Financials
TSRO,Health_Care
TSRX,Health_Care
TTAN,Information_Technology
TTD,Communication_Services
TTOO,Health_Care
TTP,Unknown
TUBE,Information_Technology
TUDO,Information_Technology
TUFN,Information_Technology
TUMI,Consumer_Discretionary
TURB,Industrials
TUSK,Energy
TUYA,Information_Technology
TVPT,Information_Technology
TW,Financials
TWFG,Financials
TWG,Consumer_Staples
TWKS,Information_Technology
TWST,Health_Care
TWTR,Communication_Services
TXAC,Unknown
TXG,Health_Care
TXMD,Health_Care
TXO,Energy
TXTR,Information_Technology
TYHT,Unknown
TYRA,Health_Care
TZAC,Unknown
TZUP,Unknown
TZYM,Health_Care
U,Information_Technology
UAN,Materials
UBER,Industrials
UBNT,Unknown
UBX,Unknown
UBXG,Information_Technology
UCAR,Consumer_Discretionary
UCL,Communication_Services
UCP,Consumer_Discretionary
UDMY,Consumer_Discretionary
UFAB,Unknown
UGRO,Industrials
UIHC,Unknown
ULS,Industrials
UMAC,Information_Technology
UMRX,Unknown
UNCY,Health_Care
UNTK,Unknown
UNVR,Industrials
UPB,Health_Care
UPC,Health_Care
UPLD,Information_Technology
UPST,Financials
UPWK,Industrials
UROV,Health_Care
USAC,Energy
USCB,Financials
USDP,Energy
USER,Information_Technology
USFD,Consumer_Staples
USGO,Materials
USX,Industrials
UTME,Unknown
UTRS,Health_Care
UXIN,Consumer_Discretionary
VA,Industrials
VACC,Unknown
VAPO,Health_Care
VAQC,Unknown
VAXX,Health_Care
VBLT,Unknown
VBTX,Financials
VCIG,Industrials
VCNX,Health_Care
VCRA,Health_Care
VCVC,Unknown
VCYT,Health_Care
VECT,Health_Care
VEDU,Unknown
VEEE,Consumer_Discretionary
VEEV,Health_Care
VEI,Energy
VEL,Financials
VENU,Consumer_Discretionary
VERA,Health_Care
VERB,Unknown
VERI,Information_Technology
VERV,Health_Care
VERX,Information_Technology
VGGL,Unknown
VGI,Unknown
VHAI,Information_Technology
VHAQ,Unknown
VHS,Health_Care
VIAO,Unknown
VICI,Real_Estate
VIE,Health_Care
VIGL,Health_Care
VIK,Consumer_Discretionary
VINE,Unknown
VINP,Financials
VIOT,Consumer_Discretionary
VIPS,Consumer_Discretionary
VIR,Health_Care
VIRI,Unknown
VIRT,Financials
VITL,Consumer_Staples
VJET,Unknown
VKTX,Health_Care
VLCN,Unknown
VLON,Unknown
VLP,Energy
VLRS,Industrials
VMAR,Consumer_Discretionary
VMEM,Unknown
VNCE,Consumer_Discretionary
VNET,Information_Technology
VNOM,Energy
VNRX,Health_Care
VNTR,Unknown
VNTV,Unknown
VOC,Energy
VOR,Health_Care
VOX,Unknown
VOYA,Financials
VRA,Consumer_Discretionary
VRAR,Unknown
VRAX,Health_Care
VRCA,Health_Care
VRM,Financials
VRNA,Health_Care
VRNG,Unknown
VRNS,Information_Technology
VRPX,Health_Care
VSAR,Unknown
VSLR,Industrials
VSME,Communication_Services
VSTA,Consumer_Discretionary
VSTM,Health_Care
VTAE,Health_Care
VTEX,Information_Technology
VTL,Health_Care
VTRU,Consumer_Discretionary
VTTI,Energy
VTUS,Industrials
VTVT,Health_Care
VTYX,Health_Care
VVOS,Health_Care
VVV,Consumer_Discretionary
VWR,Health_Care
VYGR,Health_Care
VZIO,Consumer_Discretionary
W,Consumer_Discretionary
WAAS,Utilities
WAFU,Consumer_Discretionary
WAGE,Industrials
WAIR,Industrials
WATT,Industrials
WAY,Health_Care
WB,Communication_Services
WBAI,Unknown
WBB,Unknown
WBEV,Unknown
WBKC,Financials
WBTN,Communication_Services
WBUY,Consumer_Staples
WCIC,Consumer_Discretionary
WCT,Information_Technology
WD,Financials
WDAY,Information_Technology
WDH,Financials
WDI,Unknown
WEAV,Information_Technology
WEBK,Financials
WEBR,Consumer_Discretionary
WEI,Unknown
WETG,Unknown
WGP,Unknown
WHD,Energy
WHF,Financials
WHLR,Real_Estate
WHZ,Unknown
WIFI,Communication_Services
WIMI,Communication_Services
WING,Consumer_Discretionary
WISA,Unknown
WISH,Unknown
WIX,Information_Technology
WK,Information_Technology
WKME,Information_Technology
WLDS,Information_Technology
WLGS,Unknown
WLH,Consumer_Discretionary
WLKP,Materials
WMC,Financials
WMG,Communication_Services
WMS,Industrials
WNW,Consumer_Staples
WOK,Health_Care
WOOF,Consumer_Discretionary
WOW,Communication_Services
WOWO,Unknown
WPT,Energy
WRD,Consumer_Discretionary
WRNT,Communication_Services
WSG,Communication_Services
WSR,Real_Estate
WSTC,Industrials
WTTR,Energy
WUBA,Communication_Services
WVE,Health_Care
WWAV,Consumer_Staples
WYHG,Consumer_Staples
XBIT,Health_Care
XCH,Industrials
XCOM,Unknown
XELB,Consumer_Discretionary
XENE,Health_Care
XENT,Health_Care
XERS,Health_Care
XFLT,Unknown
XGN,Health_Care
XI,Unknown
XLO,Health_Care
XLRN,Health_Care
XM,Information_Technology
XMTR,Industrials
XNCR,Health_Care
XNET,Information_Technology
XNY,Unknown
XON,Unknown
XONE,Unknown
XOOM,Information_Technology
XP,Financials
XPEV,Consumer_Discretionary
XPLR,Information_Technology
XPOF,Consumer_Discretionary
XPON,Industrials
XRF,Unknown
XRS,Unknown
XSPL,Unknown
XTLY,Information_Technology
XUE,Consumer_Discretionary
XYF,Financials
YAAS,Information_Technology
YALA,Communication_Services
YAYO,Industrials
YDLE,Information_Technology
YECO,Health_Care
YELP,Communication_Services
YETI,Consumer_Discretionary
YEXT,Information_Technology
YGF,Unknown
YGMZ,Unknown
YI,Consumer_Staples
YIBO,Industrials
YIN,Financials
YJ,Consumer_Discretionary
YMAB,Health_Care
YMM,Industrials
YOGA,Unknown
YOKU,Information_Technology
YOSH,Unknown
YOU,Information_Technology
YQ,Consumer_Discretionary
YRD,Financials
YSG,Consumer_Staples
YSXT,Consumer_Discretionary
YTPG,Unknown
YXT,Information_Technology
YY,Unknown
YYGH,Industrials
Z,Real_Estate
ZA,Unknown
ZAYO,Communication_Services
ZBAO,Financials
ZBIO,Health_Care
ZCMD,Consumer_Discretionary
ZEAL,Health_Care
ZEN,Information_Technology
ZENV,Unknown
ZETA,Information_Technology
ZFC,Financials
ZFGN,Health_Care
ZGNX,Health_Care
ZGYH,Unknown
ZH,Communication_Services
ZI,Unknown
ZIM,Industrials
ZIP,Communication_Services
ZIVO,Consumer_Staples
ZJK,Industrials
ZJYL,Health_Care
ZK,Consumer_Discretionary
ZKH,Industrials
ZKIN,Materials
ZLAB,Health_Care
ZLTQ,Health_Care
ZM,Information_Technology
ZME,Unknown
ZNGA,Communication_Services
ZNTL,Health_Care
ZOES,Consumer_Discretionary
ZONE,Industrials
ZPIN,Industrials
ZS,Information_Technology
ZSAN,Unknown
ZSPC,Consumer_Discretionary
ZSPH,Health_Care
ZTS,Health_Care
ZU,Consumer_Discretionary
ZUO,Information_Technology
ZVIA,Consumer_Staples
ZX,Unknown
ZY,Unknown
ZYNE,Health_Care
